identificador,tipo_subasta,cantidad_reclamada,lotes,valor_subasta,tasacion,tramos_entre_pujas,importe_deposito,fecha_inicio,fecha_fin,anuncio_BOE,forma_Adjudicacion,puja_minima
SUB-JA-2021-177709,JUDICIAL EN VÍA DE APREMIO,260903.5,Sin lotes,370216.14,216.14,7404.32,18510.8,02-11-2021 18:00:00 CET,22-11-2021 18:00:00 CET ,BOE-B-2021-44007,,"185.108,07 €"
SUB-JA-2021-177660,JUDICIAL EN VÍA DE APREMIO,125810.28,Sin lotes,196648.0,,,9832.4,02-11-2021 18:00:00 CET,22-11-2021 18:00:00 CET ,BOE-B-2021-44060,,Sin puja mínima
SUB-JA-2021-176188,JUDICIAL EN VÍA DE APREMIO,163389.67,Sin lotes,175000.0,,3500.0,8750.0,02-11-2021 18:00:00 CET,22-11-2021 18:00:00 CET ,BOE-B-2021-44056,,"200,00 €"
SUB-AT-2021-20R2886001683,AGENCIA TRIBUTARIA,,Sin lotes,322699.52,857.32,2000.0,16134.97,02-11-2021 18:00:00 CET,22-11-2021 18:00:00 CET ,BOE-B-2021-44254,,Sin puja mínima
SUB-NE-2021-875991,NOTARIAL EN VENTA EXTRAJUDICIAL,,5,,,,,02-11-2021 18:00:00 CET,22-11-2021 18:00:00 CET ,BOE-B-2021-44358,Separada para cada lote,Ver puja mínima de cada lote 
SUB-NE-2021-875990,NOTARIAL EN VENTA EXTRAJUDICIAL,163911.6,Sin lotes,182124.0,124.0,5000.0,8195.58,02-11-2021 18:00:00 CET,22-11-2021 18:00:00 CET ,BOE-B-2021-44357,,"163.911,60 €"
SUB-JV-2021-182409,JUDICIAL VOLUNTARIA,0.0,Sin lotes,90012.73,12.73,3175.0,4500.64,02-11-2021 18:00:00 CET,22-11-2021 18:00:00 CET ,BOE-B-2021-44161,,"63.008,91 €"
SUB-JV-2021-179609,JUDICIAL VOLUNTARIA,0.0,Sin lotes,117016.7,,2340.33,5850.84,02-11-2021 18:00:00 CET,22-11-2021 18:00:00 CET ,BOE-B-2021-44066,,"117.016,70 €"
SUB-JA-2021-182453,JUDICIAL EN VÍA DE APREMIO,246386.06,Sin lotes,269100.0,,5382.0,13455.0,02-11-2021 18:00:00 CET,22-11-2021 18:00:00 CET ,BOE-B-2021-44061,,"200,00 €"
SUB-JA-2021-182377,JUDICIAL EN VÍA DE APREMIO,88411.44,Sin lotes,204400.0,,4088.0,10220.0,02-11-2021 18:00:00 CET,22-11-2021 18:00:00 CET ,BOE-B-2021-44065,,"200,00 €"
SUB-JA-2021-182296,JUDICIAL EN VÍA DE APREMIO,4014.42,Sin lotes,95607.34,,1912.15,4780.37,02-11-2021 18:00:00 CET,22-11-2021 18:00:00 CET ,BOE-B-2021-44010,,Sin puja mínima
SUB-JA-2021-182150,JUDICIAL EN VÍA DE APREMIO,102600.47,Sin lotes,228657.96,,4573.15,11432.89,02-11-2021 18:00:00 CET,22-11-2021 18:00:00 CET ,BOE-B-2021-44050,,Sin puja mínima
SUB-JA-2021-182062,JUDICIAL EN VÍA DE APREMIO,37938.0,Sin lotes,92000.0,,1840.0,4600.0,02-11-2021 18:00:00 CET,22-11-2021 18:00:00 CET ,BOE-B-2021-43992,,Sin puja mínima
SUB-JA-2021-182005,JUDICIAL EN VÍA DE APREMIO,42275.82,2,,,,,02-11-2021 18:00:00 CET,22-11-2021 18:00:00 CET ,BOE-B-2021-44088,Separada para cada lote,Ver puja mínima de cada lote 
SUB-JA-2021-181966,JUDICIAL EN VÍA DE APREMIO,61170.27,Sin lotes,124240.44,581.0,2484.81,6212.02,02-11-2021 18:00:00 CET,22-11-2021 18:00:00 CET ,BOE-B-2021-44057,,Sin puja mínima
SUB-JA-2021-181775,JUDICIAL EN VÍA DE APREMIO,130247.76,Sin lotes,174408.15,,3488.16,8720.4,02-11-2021 18:00:00 CET,22-11-2021 18:00:00 CET ,BOE-B-2021-44049,,"200,00 €"
SUB-JA-2021-181768,JUDICIAL EN VÍA DE APREMIO,583553.72,Sin lotes,816675.0,,,40833.75,02-11-2021 18:00:00 CET,22-11-2021 18:00:00 CET ,BOE-B-2021-44068,,Sin puja mínima
SUB-JA-2021-181720,JUDICIAL EN VÍA DE APREMIO,365300.14,Sin lotes,161347.5,,3226.95,8067.37,02-11-2021 18:00:00 CET,22-11-2021 18:00:00 CET ,BOE-B-2021-44052,,"200,00 €"
SUB-JA-2021-181596,JUDICIAL EN VÍA DE APREMIO,27648.61,Sin lotes,180873.0,,3617.46,9043.65,02-11-2021 18:00:00 CET,22-11-2021 18:00:00 CET ,BOE-B-2021-44051,,Sin puja mínima
SUB-JA-2021-181465,JUDICIAL EN VÍA DE APREMIO,42390.69,Sin lotes,131064.47,64.47,2621.29,6553.22,02-11-2021 18:00:00 CET,22-11-2021 18:00:00 CET ,BOE-B-2021-44069,,Sin puja mínima
SUB-JA-2021-181432,JUDICIAL EN VÍA DE APREMIO,25739.06,Sin lotes,70800.0,,1416.0,3540.0,02-11-2021 18:00:00 CET,22-11-2021 18:00:00 CET ,BOE-B-2021-44008,,Sin puja mínima
SUB-JA-2021-181345,JUDICIAL EN VÍA DE APREMIO,175550.24,Sin lotes,233500.0,,4670.0,11675.0,02-11-2021 18:00:00 CET,22-11-2021 18:00:00 CET ,BOE-B-2021-44106,,Sin puja mínima
SUB-NV-2021-895979,NOTARIAL VOLUNTARIA,,5,,,,,02-11-2021 18:00:00 CET,22-11-2021 18:00:00 CET ,BOE-B-2021-44360,Separada para cada lote,Ver puja mínima de cada lote 
SUB-JA-2021-180818,JUDICIAL EN VÍA DE APREMIO,190212.12,Sin lotes,210577.25,,4211.54,10528.86,02-11-2021 18:00:00 CET,22-11-2021 18:00:00 CET ,BOE-B-2021-44067,,"200,00 €"
SUB-JA-2021-180756,JUDICIAL EN VÍA DE APREMIO,127773.94,Sin lotes,12773.94,,255.48,638.7,02-11-2021 18:00:00 CET,22-11-2021 18:00:00 CET ,BOE-B-2021-44063,,Sin puja mínima
SUB-JA-2021-180699,JUDICIAL EN VÍA DE APREMIO,121933.87,Sin lotes,214500.0,,,10725.0,02-11-2021 18:00:00 CET,22-11-2021 18:00:00 CET ,BOE-B-2021-44055,,Sin puja mínima
SUB-JA-2021-180662,JUDICIAL EN VÍA DE APREMIO,114655.52,Sin lotes,176500.0,,,8825.0,02-11-2021 18:00:00 CET,22-11-2021 18:00:00 CET ,BOE-B-2021-44054,,Sin puja mínima
SUB-JA-2021-180471,JUDICIAL EN VÍA DE APREMIO,133501.09,Sin lotes,224036.65,,4480.73,11201.83,02-11-2021 18:00:00 CET,22-11-2021 18:00:00 CET ,BOE-B-2021-44059,,Sin puja mínima
SUB-JA-2020-142651,JUDICIAL EN VÍA DE APREMIO,253463.68,2,,,,,02-11-2021 18:00:00 CET,22-11-2021 18:00:00 CET ,BOE-B-2021-44053,Separada para cada lote,Ver puja mínima de cada lote 
SUB-JA-2021-180037,JUDICIAL EN VÍA DE APREMIO,749008.42,Sin lotes,200000.0,,4000.0,10000.0,02-11-2021 18:00:00 CET,22-11-2021 18:00:00 CET ,BOE-B-2021-43951,,Sin puja mínima
SUB-JA-2021-179985,JUDICIAL EN VÍA DE APREMIO,1565179.34,Sin lotes,2100900.0,,42018.0,105045.0,02-11-2021 18:00:00 CET,22-11-2021 18:00:00 CET ,BOE-B-2021-44062,,"200,00 €"
SUB-JA-2021-179411,JUDICIAL EN VÍA DE APREMIO,151308.89,2,,,,,02-11-2021 18:00:00 CET,22-11-2021 18:00:00 CET ,BOE-B-2021-44135,Separada para cada lote,Ver puja mínima de cada lote 
SUB-JA-2021-166435,JUDICIAL EN VÍA DE APREMIO,64568.56,Sin lotes,180000.0,,3600.0,9000.0,02-11-2021 18:00:00 CET,22-11-2021 18:00:00 CET ,BOE-B-2021-44058,,Sin puja mínima
SUB-JA-2021-178666,JUDICIAL EN VÍA DE APREMIO,155723.19,Sin lotes,270770.0,,5415.4,13538.5,02-11-2021 18:00:00 CET,22-11-2021 18:00:00 CET ,BOE-B-2021-44064,,Sin puja mínima
SUB-JA-2021-175543,JUDICIAL EN VÍA DE APREMIO,63123.66,2,,,,,02-11-2021 18:00:00 CET,22-11-2021 18:00:00 CET ,BOE-B-2021-43938,Separada para cada lote,Ver puja mínima de cada lote 
SUB-JA-2021-176172,JUDICIAL EN VÍA DE APREMIO,234385.57,Sin lotes,186180.24,,3723.6,9309.01,29-10-2021 18:00:00 CET,18-11-2021 18:00:00 CET ,BOE-B-2021-43510,,Sin puja mínima
SUB-JA-2021-181519,JUDICIAL EN VÍA DE APREMIO,105694.16,3,,,,,29-10-2021 18:00:00 CET,18-11-2021 18:00:00 CET ,BOE-B-2021-43535,Separada para cada lote,Ver puja mínima de cada lote 
SUB-JA-2021-181860,JUDICIAL EN VÍA DE APREMIO,125077.26,Sin lotes,170400.0,,3408.0,8520.0,29-10-2021 18:00:00 CET,18-11-2021 18:00:00 CET ,BOE-B-2021-43506,,Sin puja mínima
SUB-JA-2021-181724,JUDICIAL EN VÍA DE APREMIO,198159.06,Sin lotes,367500.0,,7350.0,18375.0,29-10-2021 18:00:00 CET,18-11-2021 18:00:00 CET ,BOE-B-2021-43502,,Sin puja mínima
SUB-JA-2021-181764,JUDICIAL EN VÍA DE APREMIO,155178.49,Sin lotes,167200.0,,3344.0,8360.0,29-10-2021 18:00:00 CET,18-11-2021 18:00:00 CET ,BOE-B-2021-43503,,Sin puja mínima
SUB-RC-2021-2800500111018,RECAUDACIÓN TRIBUTARIA,8979.61,Sin lotes,210766.75,766.75,5000.0,10538.34,28-10-2021 18:00:00 CET,17-11-2021 18:00:00 CET ,BOE-B-2021-43445,,"160.000,00 €"
SUB-JA-2021-181609,JUDICIAL EN VÍA DE APREMIO,12649.87,Sin lotes,145000.0,,,7250.0,28-10-2021 18:00:00 CET,17-11-2021 18:00:00 CET ,BOE-B-2021-43330,,Sin puja mínima
SUB-RC-2021-2800500104119,RECAUDACIÓN TRIBUTARIA,251858.33,Sin lotes,2236000.0,2000.0,5000.0,111800.0,28-10-2021 18:00:00 CET,17-11-2021 18:00:00 CET ,BOE-B-2021-43447,,"1.750.000,00 €"
SUB-RC-2021-2800500104118,RECAUDACIÓN TRIBUTARIA,,2,,,,,28-10-2021 18:00:00 CET,17-11-2021 18:00:00 CET ,BOE-B-2021-43444,Separada para cada lote,Ver puja mínima de cada lote 
SUB-JA-2021-181362,JUDICIAL EN VÍA DE APREMIO,91517.25,Sin lotes,104576.11,,2091.52,5228.8,28-10-2021 18:00:00 CET,17-11-2021 18:00:00 CET ,BOE-B-2021-43326,,Sin puja mínima
SUB-JA-2021-164979,JUDICIAL EN VÍA DE APREMIO,8097.01,Sin lotes,19027.62,,380.55,951.38,28-10-2021 18:00:00 CET,17-11-2021 18:00:00 CET ,BOE-B-2021-43331,,Sin puja mínima
SUB-NE-2021-886013,NOTARIAL EN VENTA EXTRAJUDICIAL,80768.12,Sin lotes,175992.95,992.95,,8799.63,28-10-2021 18:00:00 CET,17-11-2021 18:00:00 CET ,BOE-B-2021-43462,,Sin puja mínima
SUB-NV-2021-886014,NOTARIAL VOLUNTARIA,69746.25,Sin lotes,69746.25,46.25,,13949.25,28-10-2021 18:00:00 CET,17-11-2021 18:00:00 CET ,BOE-B-2021-43461,,"69.746,25 €"
SUB-RC-2021-2800500112218,RECAUDACIÓN TRIBUTARIA,3704.15,Sin lotes,13000.0,0.0,500.0,650.0,28-10-2021 18:00:00 CET,17-11-2021 18:00:00 CET ,BOE-B-2021-43446,,"10.000,00 €"
SUB-JA-2021-165494,JUDICIAL EN VÍA DE APREMIO,191785.49,Sin lotes,281200.0,,,14060.0,28-10-2021 18:00:00 CET,17-11-2021 18:00:00 CET ,BOE-B-2021-43348,,Sin puja mínima
SUB-JA-2021-177765,JUDICIAL EN VÍA DE APREMIO,10624.49,Sin lotes,18511.08,11.08,200.0,925.55,22-10-2021 18:00:00 CET,11-11-2021 18:00:00 CET ,BOE-B-2021-42487,,Sin puja mínima
SUB-JA-2020-152698,JUDICIAL EN VÍA DE APREMIO,45107.25,Sin lotes,142240.37,,2844.8,7112.01,22-10-2021 18:00:00 CET,11-11-2021 18:00:00 CET ,BOE-B-2021-42494,,"200,00 €"
SUB-JA-2021-175872,JUDICIAL EN VÍA DE APREMIO,291413.25,2,,,,,22-10-2021 18:00:00 CET,11-11-2021 18:00:00 CET ,BOE-B-2021-42495,Separada para cada lote,Ver puja mínima de cada lote 
SUB-JA-2021-180935,JUDICIAL EN VÍA DE APREMIO,37634.66,Sin lotes,163476.0,,3269.52,8173.8,21-10-2021 18:00:00 CET,10-11-2021 18:00:00 CET ,BOE-B-2021-42305,,Sin puja mínima
SUB-JA-2021-180262,JUDICIAL EN VÍA DE APREMIO,192462.98,Sin lotes,220600.0,,4412.0,11030.0,21-10-2021 18:00:00 CET,10-11-2021 18:00:00 CET ,BOE-B-2021-42296,,Sin puja mínima
SUB-JA-2021-178968,JUDICIAL EN VÍA DE APREMIO,5056273.27,12,,,,,21-10-2021 18:00:00 CET,10-11-2021 18:00:00 CET ,BOE-B-2021-42294,Separada para cada lote,Ver puja mínima de cada lote 
SUB-JA-2021-181302,JUDICIAL EN VÍA DE APREMIO,92462.21,Sin lotes,166876.0,,3337.52,8343.8,21-10-2021 18:00:00 CET,10-11-2021 18:00:00 CET ,BOE-B-2021-42268,,Sin puja mínima
SUB-JA-2021-181158,JUDICIAL EN VÍA DE APREMIO,598016.58,4,,,,,21-10-2021 18:00:00 CET,10-11-2021 18:00:00 CET ,BOE-B-2021-42297,Separada para cada lote,Ver puja mínima de cada lote 
SUB-JA-2021-179990,JUDICIAL EN VÍA DE APREMIO,172145.72,Sin lotes,206452.69,,4129.05,10322.63,21-10-2021 18:00:00 CET,10-11-2021 18:00:00 CET ,BOE-B-2021-42293,,"200,00 €"
SUB-JA-2021-181642,JUDICIAL EN VÍA DE APREMIO,1834.2,Sin lotes,9166.24,,183.32,458.31,21-10-2021 18:00:00 CET,10-11-2021 18:00:00 CET ,BOE-B-2021-42285,,Sin puja mínima
SUB-JA-2021-181061,JUDICIAL EN VÍA DE APREMIO,189014.55,Sin lotes,191900.0,,3838.0,9595.0,21-10-2021 18:00:00 CET,10-11-2021 18:00:00 CET ,BOE-B-2021-42295,,Sin puja mínima
SUB-JA-2021-171985,JUDICIAL EN VÍA DE APREMIO,104633.19,Sin lotes,150336.48,,3006.73,7516.82,19-10-2021 18:00:00 CET,08-11-2021 18:00:00 CET ,BOE-B-2021-42020,,Sin puja mínima
SUB-JA-2021-179869,JUDICIAL EN VÍA DE APREMIO,242165.96,Sin lotes,242165.96,,4843.32,12108.3,19-10-2021 18:00:00 CET,08-11-2021 18:00:00 CET ,BOE-B-2021-42036,,Sin puja mínima
SUB-JA-2021-180155,JUDICIAL EN VÍA DE APREMIO,1055615.51,2,,,,,19-10-2021 18:00:00 CET,08-11-2021 18:00:00 CET ,BOE-B-2021-42082,Separada para cada lote,Ver puja mínima de cada lote 
SUB-JA-2019-141185,JUDICIAL EN VÍA DE APREMIO,114121.28,Sin lotes,120000.0,,500.0,6000.0,19-10-2021 18:00:00 CET,08-11-2021 18:00:00 CET ,BOE-B-2021-42106,,Sin puja mínima
SUB-JA-2021-180263,JUDICIAL EN VÍA DE APREMIO,107335.51,Sin lotes,202562.99,,,10128.14,19-10-2021 18:00:00 CET,08-11-2021 18:00:00 CET ,BOE-B-2021-42083,,Sin puja mínima
SUB-JA-2021-180267,JUDICIAL EN VÍA DE APREMIO,1777210.84,7,,,,,19-10-2021 18:00:00 CET,08-11-2021 18:00:00 CET ,BOE-B-2021-42086,Separada para cada lote,Ver puja mínima de cada lote 
SUB-AT-2021-21R4686001123,AGENCIA TRIBUTARIA,,Sin lotes,29951.06,51.06,500.0,1497.55,19-10-2021 18:00:00 CET,08-11-2021 18:00:00 CET ,BOE-B-2021-42214,,Sin puja mínima
SUB-JA-2021-180900,JUDICIAL EN VÍA DE APREMIO,177704.38,Sin lotes,203900.0,,4078.0,10195.0,19-10-2021 18:00:00 CET,08-11-2021 18:00:00 CET ,BOE-B-2021-42081,,"200,00 €"
SUB-JA-2021-181418,JUDICIAL EN VÍA DE APREMIO,1765778.06,Sin lotes,1968070.1,,39361.4,98403.5,19-10-2021 18:00:00 CET,08-11-2021 18:00:00 CET ,BOE-B-2021-42084,,Sin puja mínima
SUB-JV-2021-181560,JUDICIAL VOLUNTARIA,11168483.2,Sin lotes,94929.31,,1898.58,4746.46,19-10-2021 18:00:00 CET,08-11-2021 18:00:00 CET ,BOE-B-2021-42008,,Sin puja mínima
SUB-NE-2021-875980,NOTARIAL EN VENTA EXTRAJUDICIAL,358974.88,Sin lotes,299725.19,725.19,,14986.26,19-10-2021 18:00:00 CET,08-11-2021 18:00:00 CET ,BOE-B-2021-42265,,"149.862,60 €"
SUB-NE-2021-875982,NOTARIAL EN VENTA EXTRAJUDICIAL,810861.86,Sin lotes,743869.84,869.84,,37193.49,19-10-2021 18:00:00 CET,08-11-2021 18:00:00 CET ,BOE-B-2021-42262,,"595.095,87 €"
SUB-JA-2021-178736,JUDICIAL EN VÍA DE APREMIO,864820.46,2,,,,,19-10-2021 18:00:00 CET,08-11-2021 18:00:00 CET ,BOE-B-2021-42037,Separada para cada lote,Ver puja mínima de cada lote 
SUB-JA-2021-180967,JUDICIAL EN VÍA DE APREMIO,114230.25,Sin lotes,226600.0,,4532.0,11330.0,19-10-2021 18:00:00 CET,08-11-2021 18:00:00 CET ,BOE-B-2021-42091,,Sin puja mínima
SUB-JA-2021-181066,JUDICIAL EN VÍA DE APREMIO,29159.4,Sin lotes,29159.4,,583.18,1457.97,19-10-2021 18:00:00 CET,08-11-2021 18:00:00 CET ,BOE-B-2021-42059,,Sin puja mínima
SUB-JA-2021-181245,JUDICIAL EN VÍA DE APREMIO,120763.1,2,,,,,19-10-2021 18:00:00 CET,08-11-2021 18:00:00 CET ,BOE-B-2021-42085,Separada para cada lote,Ver puja mínima de cada lote 
SUB-JA-2021-181287,JUDICIAL EN VÍA DE APREMIO,246719.87,Sin lotes,304200.0,200.0,6084.0,15210.0,19-10-2021 18:00:00 CET,08-11-2021 18:00:00 CET ,BOE-B-2021-42022,,Sin puja mínima
SUB-NE-2021-905967,NOTARIAL EN VENTA EXTRAJUDICIAL,,6,,,,,14-10-2021 18:00:00 CET,03-11-2021 18:00:00 CET ,BOE-B-2021-41820,Separada para cada lote,Ver puja mínima de cada lote 
SUB-JA-2021-178392,JUDICIAL EN VÍA DE APREMIO,88635.06,Sin lotes,94300.0,,,4715.0,13-10-2021 18:00:00 CET,02-11-2021 20:46:10 CET ,BOE-B-2021-41357,,Sin puja mínima
SUB-JA-2021-177803,JUDICIAL EN VÍA DE APREMIO,498945.34,Sin lotes,506553.0,,10131.06,25327.65,13-10-2021 18:00:00 CET,02-11-2021 20:13:19 CET ,BOE-B-2021-41368,,Sin puja mínima
SUB-JA-2021-178949,JUDICIAL EN VÍA DE APREMIO,10987.58,Sin lotes,30000.0,,,1500.0,13-10-2021 18:00:00 CET,02-11-2021 20:15:30 CET ,BOE-B-2021-41365,,Sin puja mínima
SUB-JA-2021-165339,JUDICIAL EN VÍA DE APREMIO,130241.97,Sin lotes,282100.0,100.0,5642.0,14105.0,13-10-2021 18:00:00 CET,02-11-2021 20:28:27 CET ,BOE-B-2021-41317,,Sin puja mínima
SUB-JA-2021-181838,JUDICIAL EN VÍA DE APREMIO,193685.31,Sin lotes,373240.0,,7464.8,18662.0,28-10-2021 18:00:00 CET,17-11-2021 18:00:00 CET ,BOE-B-2021-43328,,Sin puja mínima
SUB-JA-2021-181822,JUDICIAL EN VÍA DE APREMIO,85930.97,Sin lotes,120006.9,,2400.13,6000.34,28-10-2021 18:00:00 CET,17-11-2021 18:00:00 CET ,BOE-B-2021-43329,,Sin puja mínima
SUB-JA-2018-107077,JUDICIAL EN VÍA DE APREMIO,320000.0,Sin lotes,640000.0,,12800.0,32000.0,28-10-2021 18:00:00 CET,17-11-2021 18:00:00 CET ,BOE-B-2021-43327,,Sin puja mínima
SUB-JA-2021-181730,JUDICIAL EN VÍA DE APREMIO,65197.52,3,,,,,28-10-2021 18:00:00 CET,17-11-2021 18:00:00 CET ,BOE-B-2021-43332,Separada para cada lote,Ver puja mínima de cada lote 
SUB-JA-2019-135779,JUDICIAL EN VÍA DE APREMIO,216776.97,2,,,,,28-10-2021 18:00:00 CET,17-11-2021 18:00:00 CET ,BOE-B-2021-43349,Separada para cada lote,Ver puja mínima de cada lote 
SUB-JA-2021-181312,JUDICIAL EN VÍA DE APREMIO,231094.28,Sin lotes,246714.7,,4934.29,12335.73,26-10-2021 18:00:00 CET,15-11-2021 18:00:00 CET ,BOE-B-2021-43022,,Sin puja mínima
SUB-JA-2021-178143,JUDICIAL EN VÍA DE APREMIO,139943.7,Sin lotes,190623.4,,,9531.17,26-10-2021 18:00:00 CET,15-11-2021 18:00:00 CET ,BOE-B-2021-43008,,Sin puja mínima
SUB-AT-2021-21R2886001401,AGENCIA TRIBUTARIA,,Sin lotes,115296.86,296.86,2000.0,5764.84,26-10-2021 18:00:00 CET,15-11-2021 18:00:00 CET ,BOE-B-2021-43202,,Sin puja mínima
SUB-JA-2021-178057,JUDICIAL EN VÍA DE APREMIO,186206.59,Sin lotes,337728.0,,6754.56,16886.4,26-10-2021 18:00:00 CET,15-11-2021 18:00:00 CET ,BOE-B-2021-42971,,Sin puja mínima
SUB-NV-2021-886012,NOTARIAL VOLUNTARIA,,6,,,,,26-10-2021 18:00:00 CET,15-11-2021 18:00:00 CET ,BOE-B-2021-43287,Separada para cada lote,Ver puja mínima de cada lote 
SUB-JA-2021-181257,JUDICIAL EN VÍA DE APREMIO,30824.68,Sin lotes,74212.98,,1484.26,3710.64,26-10-2021 18:00:00 CET,15-11-2021 18:00:00 CET ,BOE-B-2021-43012,,"200,00 €"
SUB-AT-2021-21R2886001402,AGENCIA TRIBUTARIA,,Sin lotes,112434.62,434.62,2000.0,5621.73,26-10-2021 18:00:00 CET,15-11-2021 18:00:00 CET ,BOE-B-2021-43203,,Sin puja mínima
SUB-JA-2021-177641,JUDICIAL EN VÍA DE APREMIO,198994.44,Sin lotes,188000.0,,3760.0,9400.0,26-10-2021 18:00:00 CET,15-11-2021 18:00:00 CET ,BOE-B-2021-43005,,"200,00 €"
SUB-JA-2021-181173,JUDICIAL EN VÍA DE APREMIO,73422.96,Sin lotes,199583.0,,3991.66,9979.15,26-10-2021 18:00:00 CET,15-11-2021 18:00:00 CET ,BOE-B-2021-43004,,"200,00 €"
SUB-JA-2021-173212,JUDICIAL EN VÍA DE APREMIO,32672.32,Sin lotes,162441.51,,,8122.07,26-10-2021 18:00:00 CET,15-11-2021 18:00:00 CET ,BOE-B-2021-43003,,Sin puja mínima
SUB-AT-2021-21R2886001403,AGENCIA TRIBUTARIA,,Sin lotes,18795.09,95.09,500.0,939.75,26-10-2021 18:00:00 CET,15-11-2021 18:00:00 CET ,BOE-B-2021-43204,,Sin puja mínima
SUB-AT-2021-21R2886001275,AGENCIA TRIBUTARIA,,Sin lotes,13570.0,70.0,500.0,678.5,26-10-2021 18:00:00 CET,15-11-2021 18:00:00 CET ,BOE-B-2021-43171,,Sin puja mínima
SUB-JA-2021-181639,JUDICIAL EN VÍA DE APREMIO,1297984.25,Sin lotes,1922700.0,,38454.0,96135.0,26-10-2021 18:00:00 CET,15-11-2021 18:00:00 CET ,BOE-B-2021-43019,,Sin puja mínima
SUB-JA-2021-178306,JUDICIAL EN VÍA DE APREMIO,239338.22,Sin lotes,236400.0,,4728.0,11820.0,26-10-2021 18:00:00 CET,15-11-2021 18:00:00 CET ,BOE-B-2021-43039,,Sin puja mínima
SUB-AT-2021-21R2886001404,AGENCIA TRIBUTARIA,,Sin lotes,14468.5,68.5,500.0,723.42,26-10-2021 18:00:00 CET,15-11-2021 18:00:00 CET ,BOE-B-2021-43205,,Sin puja mínima
SUB-AT-2021-21R2886001296,AGENCIA TRIBUTARIA,,Sin lotes,154937.63,937.63,2000.0,7746.88,26-10-2021 18:00:00 CET,15-11-2021 18:00:00 CET ,BOE-B-2021-43176,,Sin puja mínima
SUB-AT-2021-21R2886001317,AGENCIA TRIBUTARIA,,Sin lotes,43741.75,41.8,1000.0,2187.08,26-10-2021 18:00:00 CET,15-11-2021 18:00:00 CET ,BOE-B-2021-43178,,Sin puja mínima
SUB-AT-2021-21R2886001405,AGENCIA TRIBUTARIA,,Sin lotes,72274.25,74.25,2000.0,3613.71,26-10-2021 18:00:00 CET,15-11-2021 18:00:00 CET ,BOE-B-2021-43206,,Sin puja mínima
SUB-AT-2021-21R2886001319,AGENCIA TRIBUTARIA,,Sin lotes,43741.75,41.8,1000.0,2187.08,26-10-2021 18:00:00 CET,15-11-2021 18:00:00 CET ,BOE-B-2021-43179,,Sin puja mínima
SUB-AT-2021-21R2886001406,AGENCIA TRIBUTARIA,,Sin lotes,50960.0,60.0,1000.0,2548.0,26-10-2021 18:00:00 CET,15-11-2021 18:00:00 CET ,BOE-B-2021-43207,,Sin puja mínima
SUB-AT-2021-21R2886001324,AGENCIA TRIBUTARIA,,Sin lotes,50948.48,48.48,1000.0,2547.42,26-10-2021 18:00:00 CET,15-11-2021 18:00:00 CET ,BOE-B-2021-43180,,Sin puja mínima
SUB-AT-2021-21R2886001407,AGENCIA TRIBUTARIA,,Sin lotes,25480.0,80.0,500.0,1274.0,26-10-2021 18:00:00 CET,15-11-2021 18:00:00 CET ,BOE-B-2021-43208,,Sin puja mínima
SUB-AT-2021-21R2886001419,AGENCIA TRIBUTARIA,,Sin lotes,17262.31,62.31,500.0,863.11,26-10-2021 18:00:00 CET,15-11-2021 18:00:00 CET ,BOE-B-2021-43213,,Sin puja mínima
SUB-JA-2021-181815,JUDICIAL EN VÍA DE APREMIO,43602273.32,Sin lotes,3353000.0,,67060.0,167650.0,26-10-2021 18:00:00 CET,15-11-2021 18:00:00 CET ,BOE-B-2021-42921,,Sin puja mínima
SUB-JA-2021-179761,JUDICIAL EN VÍA DE APREMIO,144756.98,Sin lotes,295027.2,,500.0,14751.36,26-10-2021 18:00:00 CET,15-11-2021 18:00:00 CET ,BOE-B-2021-43076,,Sin puja mínima
SUB-JA-2021-181532,JUDICIAL EN VÍA DE APREMIO,97961.71,Sin lotes,179070.9,,3581.42,8953.55,26-10-2021 18:00:00 CET,15-11-2021 18:00:00 CET ,BOE-B-2021-43021,,Sin puja mínima
SUB-JA-2021-181566,JUDICIAL EN VÍA DE APREMIO,149790.32,Sin lotes,237196.0,,4743.92,11859.8,26-10-2021 18:00:00 CET,15-11-2021 18:00:00 CET ,BOE-B-2021-43009,,Sin puja mínima
SUB-JA-2021-181478,JUDICIAL EN VÍA DE APREMIO,195053.37,Sin lotes,223500.39,,4470.0,11175.01,26-10-2021 18:00:00 CET,15-11-2021 18:00:00 CET ,BOE-B-2021-43040,,Sin puja mínima
SUB-JA-2021-181466,JUDICIAL EN VÍA DE APREMIO,7063.44,2,,,,,26-10-2021 18:00:00 CET,15-11-2021 18:00:00 CET ,BOE-B-2021-43007,Separada para cada lote,Ver puja mínima de cada lote 
SUB-JA-2020-161010,JUDICIAL EN VÍA DE APREMIO,13357.9,Sin lotes,137619.6,,2752.39,6880.98,26-10-2021 18:00:00 CET,15-11-2021 18:00:00 CET ,BOE-B-2021-42950,,Sin puja mínima
SUB-JA-2021-174019,JUDICIAL EN VÍA DE APREMIO,176288.52,Sin lotes,215086.54,,4301.73,10754.32,26-10-2021 18:00:00 CET,15-11-2021 18:00:00 CET ,BOE-B-2021-43018,,Sin puja mínima
SUB-AT-2021-21R2886001329,AGENCIA TRIBUTARIA,,Sin lotes,721136.46,136.46,5000.0,36056.82,26-10-2021 18:00:00 CET,15-11-2021 18:00:00 CET ,BOE-B-2021-43181,,Sin puja mínima
SUB-JA-2021-179521,JUDICIAL EN VÍA DE APREMIO,522842.51,2,,,,,26-10-2021 18:00:00 CET,15-11-2021 18:00:00 CET ,BOE-B-2021-42894,Separada para cada lote,Ver puja mínima de cada lote 
SUB-JA-2021-175513,JUDICIAL EN VÍA DE APREMIO,602089.5,4,,,,,26-10-2021 18:00:00 CET,15-11-2021 18:00:00 CET ,BOE-B-2021-42895,Separada para cada lote,Ver puja mínima de cada lote 
SUB-JA-2021-180582,JUDICIAL EN VÍA DE APREMIO,54117.64,Sin lotes,289000.0,,5780.0,14450.0,26-10-2021 18:00:00 CET,15-11-2021 18:00:00 CET ,BOE-B-2021-43011,,Sin puja mínima
SUB-NV-2021-905972,NOTARIAL VOLUNTARIA,2045356.1,Sin lotes,2045356.1,5356.1,10000.0,102267.85,26-10-2021 18:00:00 CET,15-11-2021 18:00:00 CET ,BOE-B-2021-43282,,"2.045.356,10 €"
SUB-JA-2021-181904,JUDICIAL EN VÍA DE APREMIO,40000.0,Sin lotes,11936.45,,238.72,596.82,26-10-2021 18:00:00 CET,15-11-2021 18:00:00 CET ,BOE-B-2021-43006,,Sin puja mínima
SUB-AT-2021-21R2886001339,AGENCIA TRIBUTARIA,,Sin lotes,129937.5,937.5,2000.0,6496.87,26-10-2021 18:00:00 CET,15-11-2021 18:00:00 CET ,BOE-B-2021-43195,,Sin puja mínima
SUB-JC-2021-178219,JUDICIAL CONCURSAL,87967.82,Sin lotes,106442.0,,2128.84,5322.1,22-10-2021 18:00:00 CET,11-11-2021 18:00:00 CET ,BOE-B-2021-42491,,Sin puja mínima
SUB-JA-2021-181615,JUDICIAL EN VÍA DE APREMIO,102166.04,Sin lotes,211300.0,,4226.0,10565.0,22-10-2021 18:00:00 CET,11-11-2021 18:00:00 CET ,BOE-B-2021-42440,,Sin puja mínima
SUB-JA-2021-181386,JUDICIAL EN VÍA DE APREMIO,97979.52,Sin lotes,125725.43,,2514.5,6286.27,22-10-2021 18:00:00 CET,11-11-2021 18:00:00 CET ,BOE-B-2021-42492,,"200,00 €"
SUB-JA-2021-181373,JUDICIAL EN VÍA DE APREMIO,188136.38,Sin lotes,261241.56,,5224.83,13062.07,22-10-2021 18:00:00 CET,11-11-2021 18:00:00 CET ,BOE-B-2021-42493,,Sin puja mínima
SUB-JA-2021-181360,JUDICIAL EN VÍA DE APREMIO,155062.57,Sin lotes,292300.0,,5846.0,14615.0,22-10-2021 18:00:00 CET,11-11-2021 18:00:00 CET ,BOE-B-2021-42448,,Sin puja mínima
SUB-JA-2021-181289,JUDICIAL EN VÍA DE APREMIO,1079238.53,Sin lotes,1206580.0,6580.0,24131.6,60329.0,22-10-2021 18:00:00 CET,11-11-2021 18:00:00 CET ,BOE-B-2021-42496,,Sin puja mínima
SUB-JA-2021-181086,JUDICIAL EN VÍA DE APREMIO,164723.54,Sin lotes,294137.5,,5882.75,14706.88,22-10-2021 18:00:00 CET,11-11-2021 18:00:00 CET ,BOE-B-2021-42503,,Sin puja mínima
SUB-AT-2021-20R2986001342,AGENCIA TRIBUTARIA,,Sin lotes,16573.84,73.84,500.0,828.69,02-11-2021 18:00:00 CET,22-11-2021 18:00:00 CET ,BOE-B-2021-44279,,Sin puja mínima
SUB-AT-2021-20R2986001341,AGENCIA TRIBUTARIA,,Sin lotes,15694.61,94.61,500.0,784.73,02-11-2021 18:00:00 CET,22-11-2021 18:00:00 CET ,BOE-B-2021-44278,,Sin puja mínima
SUB-AT-2021-20R2986001331,AGENCIA TRIBUTARIA,,Sin lotes,12089.65,89.65,500.0,604.48,02-11-2021 18:00:00 CET,22-11-2021 18:00:00 CET ,BOE-B-2021-44268,,Sin puja mínima
SUB-AT-2021-20R2986001332,AGENCIA TRIBUTARIA,,Sin lotes,12771.08,71.08,500.0,638.55,02-11-2021 18:00:00 CET,22-11-2021 18:00:00 CET ,BOE-B-2021-44269,,Sin puja mínima
SUB-AT-2021-20R2986001343,AGENCIA TRIBUTARIA,,Sin lotes,14133.94,33.94,500.0,706.69,02-11-2021 18:00:00 CET,22-11-2021 18:00:00 CET ,BOE-B-2021-44280,,Sin puja mínima
SUB-AT-2021-20R2986001344,AGENCIA TRIBUTARIA,,Sin lotes,12573.29,73.29,500.0,628.66,02-11-2021 18:00:00 CET,22-11-2021 18:00:00 CET ,BOE-B-2021-44281,,Sin puja mínima
SUB-JV-2021-177894,JUDICIAL VOLUNTARIA,0.0,Sin lotes,78126.0,26.0,1562.52,3906.3,02-11-2021 18:00:00 CET,22-11-2021 18:00:00 CET ,BOE-B-2021-43987,,Sin puja mínima
SUB-AT-2021-20R2986001333,AGENCIA TRIBUTARIA,,Sin lotes,13452.52,52.52,500.0,672.62,02-11-2021 18:00:00 CET,22-11-2021 18:00:00 CET ,BOE-B-2021-44270,,Sin puja mínima
SUB-JA-2021-178399,JUDICIAL EN VÍA DE APREMIO,35289.86,Sin lotes,93930.6,,1878.61,4696.53,02-11-2021 18:00:00 CET,22-11-2021 18:00:00 CET ,BOE-B-2021-44074,,Sin puja mínima
SUB-JA-2016-14277,JUDICIAL EN VÍA DE APREMIO,51209.34,Sin lotes,121581.96,,,6079.1,02-11-2021 18:00:00 CET,22-11-2021 18:00:00 CET ,BOE-B-2021-44072,,Sin puja mínima
SUB-JA-2021-176839,JUDICIAL EN VÍA DE APREMIO,116335.93,Sin lotes,153000.0,,,7650.0,02-11-2021 18:00:00 CET,22-11-2021 18:00:00 CET ,BOE-B-2021-44075,,Sin puja mínima
SUB-JA-2020-143258,JUDICIAL EN VÍA DE APREMIO,181416.02,3,,,,,02-11-2021 18:00:00 CET,22-11-2021 18:00:00 CET ,BOE-B-2021-44128,Separada para cada lote,Ver puja mínima de cada lote 
SUB-JA-2021-176231,JUDICIAL EN VÍA DE APREMIO,519197.49,4,,,,,02-11-2021 18:00:00 CET,22-11-2021 18:00:00 CET ,BOE-B-2021-44071,Separada para cada lote,Ver puja mínima de cada lote 
SUB-AT-2021-20R2986001334,AGENCIA TRIBUTARIA,,Sin lotes,12771.08,71.08,500.0,638.55,02-11-2021 18:00:00 CET,22-11-2021 18:00:00 CET ,BOE-B-2021-44271,,Sin puja mínima
SUB-JC-2021-179581,JUDICIAL CONCURSAL,1.0,Sin lotes,35000.0,,700.0,1750.0,02-11-2021 18:00:00 CET,22-11-2021 18:00:00 CET ,BOE-B-2021-44158,,Sin puja mínima
SUB-AT-2021-20R2986001335,AGENCIA TRIBUTARIA,,Sin lotes,12771.08,71.08,500.0,638.55,02-11-2021 18:00:00 CET,22-11-2021 18:00:00 CET ,BOE-B-2021-44272,,Sin puja mínima
SUB-JA-2021-182548,JUDICIAL EN VÍA DE APREMIO,240873.84,Sin lotes,290229.65,,5804.59,14511.48,02-11-2021 18:00:00 CET,22-11-2021 18:00:00 CET ,BOE-B-2021-44002,,Sin puja mínima
SUB-JA-2021-182057,JUDICIAL EN VÍA DE APREMIO,118509.65,Sin lotes,214080.0,,4281.6,10704.0,02-11-2021 18:00:00 CET,22-11-2021 18:00:00 CET ,BOE-B-2021-44073,,Sin puja mínima
SUB-JA-2021-181937,JUDICIAL EN VÍA DE APREMIO,236855.84,Sin lotes,332144.9,,6642.89,16607.24,02-11-2021 18:00:00 CET,22-11-2021 18:00:00 CET ,BOE-B-2021-43999,,Sin puja mínima
SUB-JA-2021-181836,JUDICIAL EN VÍA DE APREMIO,192135.8,Sin lotes,129608.5,,2592.17,6480.42,02-11-2021 18:00:00 CET,22-11-2021 18:00:00 CET ,BOE-B-2021-44001,,Sin puja mínima
SUB-JA-2021-181616,JUDICIAL EN VÍA DE APREMIO,210267.01,Sin lotes,2917873.35,,58357.46,145893.66,02-11-2021 18:00:00 CET,22-11-2021 18:00:00 CET ,BOE-B-2021-44000,,Sin puja mínima
SUB-JA-2021-181559,JUDICIAL EN VÍA DE APREMIO,21892.77,Sin lotes,34089.1,,681.78,1704.45,02-11-2021 18:00:00 CET,22-11-2021 18:00:00 CET ,BOE-B-2021-44100,,Sin puja mínima
SUB-AT-2021-20R2986001336,AGENCIA TRIBUTARIA,,Sin lotes,13650.3,50.3,500.0,682.51,02-11-2021 18:00:00 CET,22-11-2021 18:00:00 CET ,BOE-B-2021-44273,,Sin puja mínima
SUB-AT-2021-20R2986001337,AGENCIA TRIBUTARIA,,Sin lotes,15694.61,94.61,500.0,784.73,02-11-2021 18:00:00 CET,22-11-2021 18:00:00 CET ,BOE-B-2021-44274,,Sin puja mínima
SUB-AT-2021-20R2986001338,AGENCIA TRIBUTARIA,,Sin lotes,15694.61,94.61,500.0,784.73,02-11-2021 18:00:00 CET,22-11-2021 18:00:00 CET ,BOE-B-2021-44275,,Sin puja mínima
SUB-AT-2021-20R2986001339,AGENCIA TRIBUTARIA,,Sin lotes,15694.61,94.61,500.0,784.73,02-11-2021 18:00:00 CET,22-11-2021 18:00:00 CET ,BOE-B-2021-44276,,Sin puja mínima
SUB-AT-2021-20R2986001340,AGENCIA TRIBUTARIA,,Sin lotes,15694.61,94.61,500.0,784.73,02-11-2021 18:00:00 CET,22-11-2021 18:00:00 CET ,BOE-B-2021-44277,,Sin puja mínima
SUB-JA-2021-180627,JUDICIAL EN VÍA DE APREMIO,108973.96,2,,,,,28-10-2021 18:00:00 CET,17-11-2021 18:00:00 CET ,BOE-B-2021-43309,Separada para cada lote,Ver puja mínima de cada lote 
SUB-RC-2021-2959000121M07,RECAUDACIÓN TRIBUTARIA,,6,,,,,26-10-2021 18:00:00 CET,15-11-2021 18:00:00 CET ,BOE-B-2021-43276,Separada para cada lote,Ver puja mínima de cada lote 
SUB-RC-2021-2959000121M06,RECAUDACIÓN TRIBUTARIA,,11,,,,,26-10-2021 18:00:00 CET,15-11-2021 18:00:00 CET ,BOE-B-2021-43275,Separada para cada lote,Ver puja mínima de cada lote 
SUB-RC-2021-2959000121M05,RECAUDACIÓN TRIBUTARIA,,7,,,,,26-10-2021 18:00:00 CET,15-11-2021 18:00:00 CET ,BOE-B-2021-43274,Separada para cada lote,Ver puja mínima de cada lote 
SUB-RC-2021-2959000121M04,RECAUDACIÓN TRIBUTARIA,,9,,,,,26-10-2021 18:00:00 CET,15-11-2021 18:00:00 CET ,BOE-B-2021-43273,Separada para cada lote,Ver puja mínima de cada lote 
SUB-RC-2021-2959000121M03,RECAUDACIÓN TRIBUTARIA,,2,,,,,26-10-2021 18:00:00 CET,15-11-2021 18:00:00 CET ,BOE-B-2021-43269,Separada para cada lote,Ver puja mínima de cada lote 
SUB-NE-2021-886010,NOTARIAL EN VENTA EXTRAJUDICIAL,186300.97,Sin lotes,236175.23,175.23,,11808.76,26-10-2021 18:00:00 CET,15-11-2021 18:00:00 CET ,BOE-B-2021-43283,,Sin puja mínima
SUB-NE-2021-875984,NOTARIAL EN VENTA EXTRAJUDICIAL,97342.59,Sin lotes,99290.35,90.35,,4964.52,26-10-2021 18:00:00 CET,15-11-2021 18:00:00 CET ,BOE-B-2021-43280,,Sin puja mínima
SUB-JV-2021-182086,JUDICIAL VOLUNTARIA,39274.0,Sin lotes,40175.0,525.0,803.5,2008.75,26-10-2021 18:00:00 CET,15-11-2021 18:00:00 CET ,BOE-B-2021-42889,,Sin puja mínima
SUB-JA-2021-180178,JUDICIAL EN VÍA DE APREMIO,16322.0,Sin lotes,177029.0,,3540.58,8851.45,26-10-2021 18:00:00 CET,15-11-2021 18:00:00 CET ,BOE-B-2021-43079,,Sin puja mínima
SUB-JA-2021-180157,JUDICIAL EN VÍA DE APREMIO,10352381.55,187,,,,,26-10-2021 18:00:00 CET,15-11-2021 18:00:00 CET ,BOE-B-2021-42967,Separada para cada lote,Ver puja mínima de cada lote 
SUB-JA-2021-178845,JUDICIAL EN VÍA DE APREMIO,373466.0,2,,,,,26-10-2021 18:00:00 CET,15-11-2021 18:00:00 CET ,BOE-B-2021-42969,Separada para cada lote,Ver puja mínima de cada lote 
SUB-JA-2021-178490,JUDICIAL EN VÍA DE APREMIO,1264289.97,Sin lotes,1461122.77,,29222.45,73056.13,26-10-2021 18:00:00 CET,15-11-2021 18:00:00 CET ,BOE-B-2021-42970,,Sin puja mínima
SUB-JA-2018-116017,JUDICIAL EN VÍA DE APREMIO,137736.41,Sin lotes,170000.0,,3400.0,8500.0,26-10-2021 18:00:00 CET,15-11-2021 18:00:00 CET ,BOE-B-2021-43080,,Sin puja mínima
SUB-AT-2021-21R3386001036,AGENCIA TRIBUTARIA,,Sin lotes,41633.33,33.33,1000.0,2081.66,26-10-2021 18:00:00 CET,15-11-2021 18:00:00 CET ,BOE-B-2021-43232,,Sin puja mínima
SUB-AT-2021-21R2986001175,AGENCIA TRIBUTARIA,,Sin lotes,24040.0,40.0,500.0,1202.0,26-10-2021 18:00:00 CET,15-11-2021 18:00:00 CET ,BOE-B-2021-43242,,Sin puja mínima
SUB-AT-2021-21R2986001124,AGENCIA TRIBUTARIA,,Sin lotes,12063.02,63.02,500.0,603.15,26-10-2021 18:00:00 CET,15-11-2021 18:00:00 CET ,BOE-B-2021-43241,,Sin puja mínima
SUB-AT-2021-21R2986001123,AGENCIA TRIBUTARIA,,Sin lotes,12063.02,63.02,500.0,603.15,26-10-2021 18:00:00 CET,15-11-2021 18:00:00 CET ,BOE-B-2021-43240,,Sin puja mínima
SUB-AT-2021-21R2986001122,AGENCIA TRIBUTARIA,,Sin lotes,12063.02,63.02,500.0,603.15,26-10-2021 18:00:00 CET,15-11-2021 18:00:00 CET ,BOE-B-2021-43239,,Sin puja mínima
SUB-AT-2021-21R2886001316,AGENCIA TRIBUTARIA,,Sin lotes,145624.09,624.09,2000.0,7281.2,26-10-2021 18:00:00 CET,15-11-2021 18:00:00 CET ,BOE-B-2021-43177,,Sin puja mínima
SUB-RC-2021-2959000121M12,RECAUDACIÓN TRIBUTARIA,,4,,,,,26-10-2021 18:00:00 CET,15-11-2021 18:00:00 CET ,BOE-B-2021-43272,Separada para cada lote,Ver puja mínima de cada lote 
SUB-JA-2021-159152,JUDICIAL EN VÍA DE APREMIO,2643446.26,64,,,,,22-10-2021 18:00:00 CET,11-11-2021 18:00:00 CET ,BOE-B-2021-42468,Separada para cada lote,Ver puja mínima de cada lote 
SUB-JC-2021-181233,JUDICIAL CONCURSAL,1.0,2,,,,,22-10-2021 18:00:00 CET,11-11-2021 18:00:00 CET ,BOE-B-2021-42540,Separada para cada lote,Ver puja mínima de cada lote 
SUB-JA-2021-177703,JUDICIAL EN VÍA DE APREMIO,52669.5,Sin lotes,74453.38,,1489.06,3722.66,22-10-2021 18:00:00 CET,11-11-2021 18:00:00 CET ,BOE-B-2021-42532,,Sin puja mínima
SUB-JA-2021-180769,JUDICIAL EN VÍA DE APREMIO,152419.38,Sin lotes,212018.91,,4240.37,10600.94,22-10-2021 18:00:00 CET,11-11-2021 18:00:00 CET ,BOE-B-2021-42555,,Sin puja mínima
SUB-JC-2021-180659,JUDICIAL CONCURSAL,13946360.7,23,,,,,21-10-2021 18:00:00 CET,10-11-2021 18:00:00 CET ,BOE-B-2021-42337,Separada para cada lote,Ver puja mínima de cada lote 
SUB-JA-2021-175934,JUDICIAL EN VÍA DE APREMIO,330702.91,Sin lotes,742002.96,,14840.05,37100.14,21-10-2021 18:00:00 CET,10-11-2021 18:00:00 CET ,BOE-B-2021-42298,,Sin puja mínima
SUB-JA-2021-165630,JUDICIAL EN VÍA DE APREMIO,158880.57,Sin lotes,186412.94,,3728.25,9320.64,21-10-2021 18:00:00 CET,10-11-2021 18:00:00 CET ,BOE-B-2021-42326,,Sin puja mínima
SUB-JA-2021-163692,JUDICIAL EN VÍA DE APREMIO,6573.44,Sin lotes,21086.0,,210.86,1054.3,21-10-2021 18:00:00 CET,10-11-2021 18:00:00 CET ,BOE-B-2021-42325,,Sin puja mínima
SUB-JA-2021-176299,JUDICIAL EN VÍA DE APREMIO,45684.53,Sin lotes,104199.03,,2083.98,5209.95,21-10-2021 18:00:00 CET,10-11-2021 18:00:00 CET ,BOE-B-2021-42314,,Sin puja mínima
SUB-JA-2021-180904,JUDICIAL EN VÍA DE APREMIO,245031.52,Sin lotes,345000.0,,6900.0,17250.0,21-10-2021 18:00:00 CET,10-11-2021 18:00:00 CET ,BOE-B-2021-42315,,Sin puja mínima
SUB-JA-2021-179783,JUDICIAL EN VÍA DE APREMIO,226880.77,Sin lotes,223092.94,,4461.85,11154.64,19-10-2021 18:00:00 CET,08-11-2021 18:00:00 CET ,BOE-B-2021-42056,,Sin puja mínima
SUB-AT-2021-21R0886001288,AGENCIA TRIBUTARIA,,Sin lotes,67704.0,4.0,2000.0,3385.2,19-10-2021 18:00:00 CET,08-11-2021 18:00:00 CET ,BOE-B-2021-42206,,Sin puja mínima
SUB-JA-2021-180876,JUDICIAL EN VÍA DE APREMIO,40.0,Sin lotes,40000.0,,800.0,2000.0,19-10-2021 18:00:00 CET,08-11-2021 18:00:00 CET ,BOE-B-2021-42182,,Sin puja mínima
SUB-JA-2019-139202,JUDICIAL EN VÍA DE APREMIO,336219.02,3,,,,,19-10-2021 18:00:00 CET,08-11-2021 18:00:00 CET ,BOE-B-2021-42088,Separada para cada lote,Ver puja mínima de cada lote 
SUB-JA-2021-180911,JUDICIAL EN VÍA DE APREMIO,300000.0,Sin lotes,457823.76,,9156.47,22891.19,19-10-2021 18:00:00 CET,08-11-2021 18:00:00 CET ,BOE-B-2021-42058,,Sin puja mínima
SUB-JA-2021-181303,JUDICIAL EN VÍA DE APREMIO,70421.69,Sin lotes,189580.03,,3791.6,9479.0,19-10-2021 18:00:00 CET,08-11-2021 18:00:00 CET ,BOE-B-2021-42057,,Sin puja mínima
SUB-JA-2021-180479,JUDICIAL EN VÍA DE APREMIO,300000.0,4,,,,,14-10-2021 18:00:00 CET,03-11-2021 18:00:00 CET ,BOE-B-2021-41668,Separada para cada lote,Ver puja mínima de cada lote 
SUB-AT-2021-20R2986001324,AGENCIA TRIBUTARIA,,Sin lotes,12573.29,73.29,500.0,628.66,13-10-2021 18:00:00 CET,02-11-2021 19:27:22 CET ,BOE-B-2021-41603,,Sin puja mínima
SUB-AT-2021-20R2986001330,AGENCIA TRIBUTARIA,,Sin lotes,16573.84,73.84,500.0,828.69,13-10-2021 18:00:00 CET,02-11-2021 19:41:08 CET ,BOE-B-2021-41609,,Sin puja mínima
SUB-JA-2021-180076,JUDICIAL EN VÍA DE APREMIO,215038.35,3,,,,,13-10-2021 18:00:00 CET,02-11-2021 20:52:07 CET ,BOE-B-2021-41326,Separada para cada lote,Ver puja mínima de cada lote 
SUB-AT-2021-20R2986001317,AGENCIA TRIBUTARIA,,Sin lotes,14331.74,31.74,500.0,716.58,13-10-2021 18:00:00 CET,02-11-2021 20:00:11 CET ,BOE-B-2021-41596,,Sin puja mínima
SUB-AT-2021-20R2986001315,AGENCIA TRIBUTARIA,,Sin lotes,15694.61,94.61,500.0,784.73,13-10-2021 18:00:00 CET,02-11-2021 20:02:01 CET ,BOE-B-2021-41594,,Sin puja mínima
SUB-AT-2021-20R2986001321,AGENCIA TRIBUTARIA,,Sin lotes,15694.61,94.61,500.0,784.73,13-10-2021 18:00:00 CET,02-11-2021 20:36:53 CET ,BOE-B-2021-41600,,Sin puja mínima
SUB-JV-2021-181141,JUDICIAL VOLUNTARIA,1500000.0,Sin lotes,10000.0,,200.0,500.0,13-10-2021 18:00:00 CET,02-11-2021 20:11:42 CET ,BOE-B-2021-41269,,Sin puja mínima
SUB-AT-2021-20R2986001319,AGENCIA TRIBUTARIA,,Sin lotes,15694.61,94.61,500.0,784.73,13-10-2021 18:00:00 CET,02-11-2021 20:27:22 CET ,BOE-B-2021-41598,,Sin puja mínima
SUB-JC-2021-179405,JUDICIAL CONCURSAL,1.0,5,,,,,13-10-2021 18:00:00 CET,02-11-2021 20:16:17 CET ,BOE-B-2021-41468,Separada para cada lote,Ver puja mínima de cada lote 
SUB-AT-2021-20R2986001322,AGENCIA TRIBUTARIA,,Sin lotes,16573.84,73.84,500.0,828.69,13-10-2021 18:00:00 CET,02-11-2021 20:48:35 CET ,BOE-B-2021-41601,,Sin puja mínima
SUB-JA-2021-180512,JUDICIAL EN VÍA DE APREMIO,6722.97,Sin lotes,170328.0,,,8516.4,13-10-2021 18:00:00 CET,02-11-2021 20:37:57 CET ,BOE-B-2021-41374,,Sin puja mínima
