identificador,tipo_subasta,cantidad_reclamada,lotes,valor_subasta,tasacion,tramos_entre_pujas,importe_deposito,fecha_inicio,fecha_fin,anuncio_BOE,forma_Adjudicacion,puja_minima
SUB-JA-2021-180627,JUDICIAL EN VÍA DE APREMIO,108973.96,2,,,,,28-10-2021 18:00:00 CET,17-11-2021 18:00:00 CET ,BOE-B-2021-43309,Separada para cada lote,Ver puja mínima de cada lote 
SUB-JA-2021-180157,JUDICIAL EN VÍA DE APREMIO,10352381.55,187,,,,,26-10-2021 18:00:00 CET,15-11-2021 18:00:00 CET ,BOE-B-2021-42967,Separada para cada lote,Ver puja mínima de cada lote 
SUB-NE-2021-875984,NOTARIAL EN VENTA EXTRAJUDICIAL,97342.59,Sin lotes,99290.35,90.35,,4964.52,26-10-2021 18:00:00 CET,15-11-2021 18:00:00 CET ,BOE-B-2021-43280,,Sin puja mínima
SUB-RC-2021-2959000121M07,RECAUDACIÓN TRIBUTARIA,,6,,,,,26-10-2021 18:00:00 CET,15-11-2021 18:00:00 CET ,BOE-B-2021-43276,Separada para cada lote,Ver puja mínima de cada lote 
SUB-NE-2021-886010,NOTARIAL EN VENTA EXTRAJUDICIAL,186300.97,Sin lotes,236175.23,175.23,,11808.76,26-10-2021 18:00:00 CET,15-11-2021 18:00:00 CET ,BOE-B-2021-43283,,Sin puja mínima
SUB-RC-2021-2959000121M04,RECAUDACIÓN TRIBUTARIA,,9,,,,,26-10-2021 18:00:00 CET,15-11-2021 18:00:00 CET ,BOE-B-2021-43273,Separada para cada lote,Ver puja mínima de cada lote 
SUB-JV-2021-182086,JUDICIAL VOLUNTARIA,39274.0,Sin lotes,40175.0,525.0,803.5,2008.75,26-10-2021 18:00:00 CET,15-11-2021 18:00:00 CET ,BOE-B-2021-42889,,Sin puja mínima
SUB-RC-2021-2959000121M03,RECAUDACIÓN TRIBUTARIA,,2,,,,,26-10-2021 18:00:00 CET,15-11-2021 18:00:00 CET ,BOE-B-2021-43269,Separada para cada lote,Ver puja mínima de cada lote 
SUB-JA-2021-180178,JUDICIAL EN VÍA DE APREMIO,16322.0,Sin lotes,177029.0,,3540.58,8851.45,26-10-2021 18:00:00 CET,15-11-2021 18:00:00 CET ,BOE-B-2021-43079,,Sin puja mínima
SUB-JA-2018-116017,JUDICIAL EN VÍA DE APREMIO,137736.41,Sin lotes,170000.0,,3400.0,8500.0,26-10-2021 18:00:00 CET,15-11-2021 18:00:00 CET ,BOE-B-2021-43080,,Sin puja mínima
SUB-AT-2021-21R3386001036,AGENCIA TRIBUTARIA,,Sin lotes,41633.33,33.33,1000.0,2081.66,26-10-2021 18:00:00 CET,15-11-2021 18:00:00 CET ,BOE-B-2021-43232,,Sin puja mínima
SUB-AT-2021-21R2986001175,AGENCIA TRIBUTARIA,,Sin lotes,24040.0,40.0,500.0,1202.0,26-10-2021 18:00:00 CET,15-11-2021 18:00:00 CET ,BOE-B-2021-43242,,Sin puja mínima
SUB-AT-2021-21R2986001124,AGENCIA TRIBUTARIA,,Sin lotes,12063.02,63.02,500.0,603.15,26-10-2021 18:00:00 CET,15-11-2021 18:00:00 CET ,BOE-B-2021-43241,,Sin puja mínima
SUB-AT-2021-21R2986001123,AGENCIA TRIBUTARIA,,Sin lotes,12063.02,63.02,500.0,603.15,26-10-2021 18:00:00 CET,15-11-2021 18:00:00 CET ,BOE-B-2021-43240,,Sin puja mínima
SUB-AT-2021-21R2986001122,AGENCIA TRIBUTARIA,,Sin lotes,12063.02,63.02,500.0,603.15,26-10-2021 18:00:00 CET,15-11-2021 18:00:00 CET ,BOE-B-2021-43239,,Sin puja mínima
SUB-AT-2021-21R2886001316,AGENCIA TRIBUTARIA,,Sin lotes,145624.09,624.09,2000.0,7281.2,26-10-2021 18:00:00 CET,15-11-2021 18:00:00 CET ,BOE-B-2021-43177,,Sin puja mínima
SUB-RC-2021-2959000121M12,RECAUDACIÓN TRIBUTARIA,,4,,,,,26-10-2021 18:00:00 CET,15-11-2021 18:00:00 CET ,BOE-B-2021-43272,Separada para cada lote,Ver puja mínima de cada lote 
SUB-RC-2021-2959000121M06,RECAUDACIÓN TRIBUTARIA,,11,,,,,26-10-2021 18:00:00 CET,15-11-2021 18:00:00 CET ,BOE-B-2021-43275,Separada para cada lote,Ver puja mínima de cada lote 
SUB-JA-2021-178490,JUDICIAL EN VÍA DE APREMIO,1264289.97,Sin lotes,1461122.77,,29222.45,73056.13,26-10-2021 18:00:00 CET,15-11-2021 18:00:00 CET ,BOE-B-2021-42970,,Sin puja mínima
SUB-JA-2021-178845,JUDICIAL EN VÍA DE APREMIO,373466.0,2,,,,,26-10-2021 18:00:00 CET,15-11-2021 18:00:00 CET ,BOE-B-2021-42969,Separada para cada lote,Ver puja mínima de cada lote 
SUB-RC-2021-2959000121M05,RECAUDACIÓN TRIBUTARIA,,7,,,,,26-10-2021 18:00:00 CET,15-11-2021 18:00:00 CET ,BOE-B-2021-43274,Separada para cada lote,Ver puja mínima de cada lote 
SUB-JA-2021-159152,JUDICIAL EN VÍA DE APREMIO,2643446.26,64,,,,,22-10-2021 18:00:00 CET,11-11-2021 18:00:00 CET ,BOE-B-2021-42468,Separada para cada lote,Ver puja mínima de cada lote 
SUB-JA-2021-177703,JUDICIAL EN VÍA DE APREMIO,52669.5,Sin lotes,74453.38,,1489.06,3722.66,22-10-2021 18:00:00 CET,11-11-2021 18:00:00 CET ,BOE-B-2021-42532,,Sin puja mínima
SUB-JA-2021-180769,JUDICIAL EN VÍA DE APREMIO,152419.38,Sin lotes,212018.91,,4240.37,10600.94,22-10-2021 18:00:00 CET,11-11-2021 18:00:00 CET ,BOE-B-2021-42555,,Sin puja mínima
SUB-JC-2021-181233,JUDICIAL CONCURSAL,1.0,2,,,,,22-10-2021 18:00:00 CET,11-11-2021 18:00:00 CET ,BOE-B-2021-42540,Separada para cada lote,Ver puja mínima de cada lote 
SUB-JA-2021-165630,JUDICIAL EN VÍA DE APREMIO,158880.57,Sin lotes,186412.94,,3728.25,9320.64,21-10-2021 18:00:00 CET,10-11-2021 18:00:00 CET ,BOE-B-2021-42326,,Sin puja mínima
SUB-JA-2021-163692,JUDICIAL EN VÍA DE APREMIO,6573.44,Sin lotes,21086.0,,210.86,1054.3,21-10-2021 18:00:00 CET,10-11-2021 18:00:00 CET ,BOE-B-2021-42325,,Sin puja mínima
SUB-JA-2021-180904,JUDICIAL EN VÍA DE APREMIO,245031.52,Sin lotes,345000.0,,6900.0,17250.0,21-10-2021 18:00:00 CET,10-11-2021 18:00:00 CET ,BOE-B-2021-42315,,Sin puja mínima
SUB-JC-2021-180659,JUDICIAL CONCURSAL,13946360.7,23,,,,,21-10-2021 18:00:00 CET,10-11-2021 18:00:00 CET ,BOE-B-2021-42337,Separada para cada lote,Ver puja mínima de cada lote 
SUB-JA-2021-176299,JUDICIAL EN VÍA DE APREMIO,45684.53,Sin lotes,104199.03,,2083.98,5209.95,21-10-2021 18:00:00 CET,10-11-2021 18:00:00 CET ,BOE-B-2021-42314,,Sin puja mínima
SUB-JA-2021-175934,JUDICIAL EN VÍA DE APREMIO,330702.91,Sin lotes,742002.96,,14840.05,37100.14,21-10-2021 18:00:00 CET,10-11-2021 18:00:00 CET ,BOE-B-2021-42298,,Sin puja mínima
SUB-JA-2019-139202,JUDICIAL EN VÍA DE APREMIO,336219.02,3,,,,,19-10-2021 18:00:00 CET,08-11-2021 18:00:00 CET ,BOE-B-2021-42088,Separada para cada lote,Ver puja mínima de cada lote 
SUB-JA-2021-180911,JUDICIAL EN VÍA DE APREMIO,300000.0,Sin lotes,457823.76,,9156.47,22891.19,19-10-2021 18:00:00 CET,08-11-2021 18:00:00 CET ,BOE-B-2021-42058,,Sin puja mínima
SUB-JA-2021-181303,JUDICIAL EN VÍA DE APREMIO,70421.69,Sin lotes,189580.03,,3791.6,9479.0,19-10-2021 18:00:00 CET,08-11-2021 18:00:00 CET ,BOE-B-2021-42057,,Sin puja mínima
SUB-AT-2021-21R0886001288,AGENCIA TRIBUTARIA,,Sin lotes,67704.0,4.0,2000.0,3385.2,19-10-2021 18:00:00 CET,08-11-2021 18:00:00 CET ,BOE-B-2021-42206,,Sin puja mínima
SUB-JA-2021-180876,JUDICIAL EN VÍA DE APREMIO,40.0,Sin lotes,40000.0,,800.0,2000.0,19-10-2021 18:00:00 CET,08-11-2021 18:00:00 CET ,BOE-B-2021-42182,,Sin puja mínima
SUB-JA-2021-179783,JUDICIAL EN VÍA DE APREMIO,226880.77,Sin lotes,223092.94,,4461.85,11154.64,19-10-2021 18:00:00 CET,08-11-2021 18:00:00 CET ,BOE-B-2021-42056,,Sin puja mínima
SUB-JA-2021-180479,JUDICIAL EN VÍA DE APREMIO,300000.0,4,,,,,14-10-2021 18:00:00 CET,03-11-2021 18:00:00 CET ,BOE-B-2021-41668,Separada para cada lote,Ver puja mínima de cada lote 
SUB-JV-2021-181141,JUDICIAL VOLUNTARIA,1500000.0,Sin lotes,10000.0,,200.0,500.0,13-10-2021 18:00:00 CET,02-11-2021 18:00:00 CET ,BOE-B-2021-41269,,Sin puja mínima
SUB-JC-2021-179405,JUDICIAL CONCURSAL,1.0,5,,,,,13-10-2021 18:00:00 CET,02-11-2021 18:00:00 CET ,BOE-B-2021-41468,Separada para cada lote,Ver puja mínima de cada lote 
SUB-JA-2021-181040,JUDICIAL EN VÍA DE APREMIO,692799.2,3,,,,,13-10-2021 18:00:00 CET,02-11-2021 18:00:00 CET ,BOE-B-2021-41377,Separada para cada lote,Ver puja mínima de cada lote 
SUB-JA-2021-180652,JUDICIAL EN VÍA DE APREMIO,34418.93,9,,,,,13-10-2021 18:00:00 CET,02-11-2021 18:00:00 CET ,BOE-B-2021-41381,Separada para cada lote,Ver puja mínima de cada lote 
SUB-JA-2021-180512,JUDICIAL EN VÍA DE APREMIO,6722.97,Sin lotes,170328.0,,,8516.4,13-10-2021 18:00:00 CET,02-11-2021 18:00:00 CET ,BOE-B-2021-41374,,Sin puja mínima
SUB-JA-2021-180368,JUDICIAL EN VÍA DE APREMIO,101933.22,Sin lotes,270000.0,,5400.0,13500.0,13-10-2021 18:00:00 CET,02-11-2021 18:00:00 CET ,BOE-B-2021-41382,,Sin puja mínima
SUB-JA-2021-180224,JUDICIAL EN VÍA DE APREMIO,1138.55,Sin lotes,12108.3,,,605.41,13-10-2021 18:00:00 CET,02-11-2021 18:00:00 CET ,BOE-B-2021-41375,,Sin puja mínima
SUB-JA-2021-180076,JUDICIAL EN VÍA DE APREMIO,215038.35,3,,,,,13-10-2021 18:00:00 CET,02-11-2021 18:00:00 CET ,BOE-B-2021-41326,Separada para cada lote,Ver puja mínima de cada lote 
SUB-JA-2021-179578,JUDICIAL EN VÍA DE APREMIO,60376.76,Sin lotes,273125.51,440.9,5462.51,13656.27,13-10-2021 18:00:00 CET,02-11-2021 18:00:00 CET ,BOE-B-2021-41358,,Sin puja mínima
SUB-JA-2021-178267,JUDICIAL EN VÍA DE APREMIO,176163.27,2,,,,,13-10-2021 18:00:00 CET,02-11-2021 18:00:00 CET ,BOE-B-2021-41283,Separada para cada lote,Ver puja mínima de cada lote 
SUB-JA-2021-178031,JUDICIAL EN VÍA DE APREMIO,1581.8,Sin lotes,13500.0,,270.0,675.0,13-10-2021 18:00:00 CET,02-11-2021 18:00:00 CET ,BOE-B-2021-41447,,Sin puja mínima
SUB-JA-2021-177979,JUDICIAL EN VÍA DE APREMIO,166406.54,Sin lotes,197108.0,108.0,3942.16,9855.4,13-10-2021 18:00:00 CET,02-11-2021 18:00:00 CET ,BOE-B-2021-41413,,Sin puja mínima
SUB-JA-2020-156769,JUDICIAL EN VÍA DE APREMIO,211459.21,2,,,,,13-10-2021 18:00:00 CET,02-11-2021 18:00:00 CET ,BOE-B-2021-41376,Separada para cada lote,Ver puja mínima de cada lote 
SUB-AT-2021-20R2986001330,AGENCIA TRIBUTARIA,,Sin lotes,16573.84,73.84,500.0,828.69,13-10-2021 18:00:00 CET,02-11-2021 18:00:00 CET ,BOE-B-2021-41609,,Sin puja mínima
SUB-AT-2021-20R2986001329,AGENCIA TRIBUTARIA,,Sin lotes,15694.61,94.61,500.0,784.73,13-10-2021 18:00:00 CET,02-11-2021 18:00:00 CET ,BOE-B-2021-41608,,Sin puja mínima
SUB-AT-2021-20R2986001328,AGENCIA TRIBUTARIA,,Sin lotes,15694.61,94.61,500.0,784.73,13-10-2021 18:00:00 CET,02-11-2021 18:00:00 CET ,BOE-B-2021-41607,,Sin puja mínima
SUB-AT-2021-20R2986001327,AGENCIA TRIBUTARIA,,Sin lotes,15694.61,94.61,500.0,784.73,13-10-2021 18:00:00 CET,02-11-2021 18:00:00 CET ,BOE-B-2021-41606,,Sin puja mínima
SUB-AT-2021-20R2986001326,AGENCIA TRIBUTARIA,,Sin lotes,16573.84,73.84,500.0,828.69,13-10-2021 18:00:00 CET,02-11-2021 18:00:00 CET ,BOE-B-2021-41605,,Sin puja mínima
SUB-AT-2021-20R2986001325,AGENCIA TRIBUTARIA,,Sin lotes,14133.94,33.94,500.0,706.69,13-10-2021 18:00:00 CET,02-11-2021 18:00:00 CET ,BOE-B-2021-41604,,Sin puja mínima
SUB-AT-2021-20R2986001324,AGENCIA TRIBUTARIA,,Sin lotes,12573.29,73.29,500.0,628.66,13-10-2021 18:00:00 CET,02-11-2021 18:00:00 CET ,BOE-B-2021-41603,,Sin puja mínima
SUB-AT-2021-20R2986001323,AGENCIA TRIBUTARIA,,Sin lotes,14133.94,33.94,500.0,706.69,13-10-2021 18:00:00 CET,02-11-2021 18:00:00 CET ,BOE-B-2021-41602,,Sin puja mínima
SUB-AT-2021-20R2986001322,AGENCIA TRIBUTARIA,,Sin lotes,16573.84,73.84,500.0,828.69,13-10-2021 18:00:00 CET,02-11-2021 18:00:00 CET ,BOE-B-2021-41601,,Sin puja mínima
SUB-AT-2021-20R2986001321,AGENCIA TRIBUTARIA,,Sin lotes,15694.61,94.61,500.0,784.73,13-10-2021 18:00:00 CET,02-11-2021 18:00:00 CET ,BOE-B-2021-41600,,Sin puja mínima
SUB-AT-2021-20R2986001320,AGENCIA TRIBUTARIA,,Sin lotes,15694.61,94.61,500.0,784.73,13-10-2021 18:00:00 CET,02-11-2021 18:00:00 CET ,BOE-B-2021-41599,,Sin puja mínima
SUB-AT-2021-20R2986001319,AGENCIA TRIBUTARIA,,Sin lotes,15694.61,94.61,500.0,784.73,13-10-2021 18:00:00 CET,02-11-2021 18:00:00 CET ,BOE-B-2021-41598,,Sin puja mínima
SUB-AT-2021-20R2986001318,AGENCIA TRIBUTARIA,,Sin lotes,15210.98,10.98,500.0,760.54,13-10-2021 18:00:00 CET,02-11-2021 18:00:00 CET ,BOE-B-2021-41597,,Sin puja mínima
SUB-AT-2021-20R2986001317,AGENCIA TRIBUTARIA,,Sin lotes,14331.74,31.74,500.0,716.58,13-10-2021 18:00:00 CET,02-11-2021 18:00:00 CET ,BOE-B-2021-41596,,Sin puja mínima
SUB-AT-2021-20R2986001316,AGENCIA TRIBUTARIA,,Sin lotes,15694.61,94.61,500.0,784.73,13-10-2021 18:00:00 CET,02-11-2021 18:00:00 CET ,BOE-B-2021-41595,,Sin puja mínima
SUB-AT-2021-20R2986001315,AGENCIA TRIBUTARIA,,Sin lotes,15694.61,94.61,500.0,784.73,13-10-2021 18:00:00 CET,02-11-2021 18:00:00 CET ,BOE-B-2021-41594,,Sin puja mínima
